profile,true_age,true_income,true_sex
pers1,31,high,male
pers2,45,middle,female
pers3,19,low,male
pers4,55,middle,male
pers5,35,high,female
pers6,27,middle,male
pers7,48,middle,female
pers8,22,low,female
pers9,61,low,male
pers10,33,high,female
pers11,28,middle,male
pers12,42,high,female
pers13,25,middle,male
pers14,50,high,female
pers15,37,middle,male
pers16,29,middle,female
pers17,45,high,male
pers18,39,high,female
pers19,23,low,male
pers20,56,middle,female
pers21,29,high,male
pers22,26,middle,female
pers23,52,high,male
pers24,68,high,male
pers25,24,middle,female
pers26,37,middle,female
pers27,50,middle,male
pers28,33,high,male
pers29,27,middle,female
pers30,62,high,male
pers31,41,middle,female
pers32,58,middle,female
pers33,23,low,male
pers34,47,middle,female
pers35,36,middle,male
pers36,55,middle,female
pers37,30,middle,female
pers38,21,low,male
pers39,39,middle,female
pers40,51,middle,male
pers41,27,middle,male
pers42,28,high,female
pers43,35,middle,male
pers44,40,middle,female
pers45,26,low,male
pers46,22,low,female
pers47,50,middle,male
pers48,60,high,female
pers49,45,high,male
pers50,36,middle,female
pers51,55,middle,male
pers52,23,low,female
pers53,46,middle,male
pers54,72,middle,female
pers55,30,high,male
pers56,25,middle,female
pers57,40,high,male
pers58,55,middle,female
pers59,35,high,male
pers60,45,high,female
pers61,60,middle,male
pers62,32,high,female
pers63,52,middle,male
pers64,21,low,female
pers65,33,middle,male
pers66,24,low,female
pers67,41,middle,male
pers68,44,middle,female
pers69,65,middle,male
pers70,31,middle,female
pers71,29,middle,male
pers72,57,high,female
pers73,46,middle,male
pers74,52,middle,female
pers75,27,middle,male
pers76,24,low,female
pers77,58,middle,male
pers78,33,middle,female
pers79,40,high,male
pers80,37,high,female
pers81,66,middle,male
pers82,52,high,female
pers83,46,high,male
pers84,28,middle,female
pers85,30,high,male
pers86,49,high,female
pers87,55,middle,male
pers88,38,middle,female
pers89,62,middle,male
pers90,31,high,female
pers91,58,high,male
pers92,26,low,female
pers93,70,middle,male
pers94,33,middle,female
pers95,47,high,male
pers96,28,middle,female
pers97,31,middle,male
pers98,55,high,female
pers99,46,middle,male
pers100,22,low,female
pers101,35,high,female
pers102,48,high,male
pers103,27,middle,male
pers104,22,low,female
pers105,28,middle,female
pers106,30,middle,male
pers107,37,high,male
pers108,41,high,female
pers109,33,middle,female
pers110,75,middle,male
pers111,50,high,male
pers112,19,low,female
pers113,42,high,female
pers114,55,high,male
pers115,24,low,male
pers116,67,low,female
pers117,45,high,male
pers118,38,high,female
pers119,70,low,female
pers120,51,high,male
pers121,28,high,female
pers122,23,low,male
pers123,33,middle,female
pers124,29,middle,male
pers125,64,middle,female
pers126,40,high,male
pers127,21,low,female
pers128,57,high,male
pers129,44,high,female
pers130,36,high,male
pers131,49,high,female
pers132,52,high,male
pers133,31,middle,female
pers134,55,high,male
pers135,26,middle,female
pers136,21,low,male
pers137,39,middle,female
pers138,34,middle,male
pers139,46,high,female
pers140,30,middle,male
pers141,66,middle,female
pers142,56,high,male
pers143,29,middle,female
pers144,24,low,male
pers145,49,middle,female
pers146,32,high,male
pers147,27,middle,female
pers148,58,middle,male
pers149,64,middle,female
pers150,40,high,male
pers151,35,middle,female
pers152,24,middle,male
pers153,50,middle,female
pers154,28,low,male
pers155,47,high,female
pers156,22,low,male
pers157,33,middle,female
pers158,40,middle,male
pers159,56,middle,female
pers160,30,low,male
pers161,25,low,female
pers162,46,high,male
pers163,52,middle,female
pers164,29,middle,male
pers165,27,middle,female
pers166,45,middle,male
pers167,38,middle,female
pers168,55,middle,male
pers169,31,middle,female
pers170,35,middle,male
pers171,41,middle,female
pers172,48,middle,male
pers173,26,low,female
pers174,40,middle,male
pers175,53,middle,female
pers176,23,low,male
pers177,33,middle,female
pers178,39,middle,male
pers179,28,low,female
pers180,55,middle,male
pers181,42,low,female
pers182,34,middle,male
pers183,29,low,female
pers184,40,middle,male
pers185,33,low,female
pers186,47,low,male
pers187,22,low,female
pers188,65,middle,male
pers189,56,high,female
pers190,35,low,male
pers191,30,low,female
pers192,60,middle,male
pers193,49,middle,female
pers194,45,middle,male
pers195,28,low,female
pers196,32,low,male
pers197,36,low,female
pers198,41,middle,male
pers199,55,middle,female
pers200,25,low,male
pers201,32,middle,male
pers202,23,middle,female
pers203,27,low,male
pers204,58,middle,female
pers205,38,low,male
pers206,48,high,female
pers207,35,high,male
pers208,25,middle,female
pers209,46,high,male
pers210,40,high,female
pers211,50,high,male
pers212,63,low,female
pers213,28,low,male
pers214,35,middle,female
pers215,22,low,male
pers216,53,middle,female
pers217,41,middle,male
pers218,31,high,female
pers219,60,high,male
pers220,25,low,female
pers221,46,high,male
pers222,34,middle,female
pers223,50,high,male
pers224,63,middle,female
pers225,30,middle,male
pers226,33,high,female
pers227,27,low,male
pers228,55,low,female
pers229,42,middle,male
pers230,33,high,female
pers231,60,high,male
pers232,28,middle,female
pers233,46,high,male
pers234,34,middle,female
pers235,52,high,male
pers236,65,low,female
pers237,32,middle,male
pers238,36,high,female
pers239,27,low,male
pers240,53,middle,female
pers241,42,middle,male
pers242,35,high,female
pers243,65,high,male
pers244,29,middle,female
pers245,46,high,male
pers246,38,middle,female
pers247,52,high,male
pers248,65,low,female
pers249,35,middle,male
pers250,36,high,female
pers251,28,middle,female
pers252,34,high,male
pers253,23,low,female
pers254,51,high,male
pers255,45,middle,female
pers256,30,middle,male
pers257,62,low,female
pers258,37,high,male
pers259,48,middle,female
pers260,21,low,male
pers261,32,middle,female
pers262,54,high,male
pers263,27,low,female
pers264,39,middle,male
pers265,43,middle,female
pers266,33,middle,male
pers267,25,low,female
pers268,58,middle,male
pers269,36,middle,female
pers270,60,middle,male
pers271,35,middle,female
pers272,50,high,male
pers273,42,middle,female
pers274,24,low,male
pers275,55,high,female
pers276,40,middle,male
pers277,29,low,female
pers278,65,low,male
pers279,33,middle,female
pers280,46,middle,male
pers281,52,high,female
pers282,22,low,male
pers283,39,middle,female
pers284,44,middle,male
pers285,53,middle,female
pers286,30,middle,male
pers287,26,low,female
pers288,59,middle,male
pers289,34,middle,female
pers290,63,middle,male
pers291,29,middle,female
pers292,47,high,male
pers293,60,high,female
pers294,22,low,male
pers295,55,middle,female
pers296,35,middle,male
pers297,29,low,female
pers298,46,middle,male
pers299,52,high,female
pers300,33,middle,male
